{"terrain_delta": 75, "offset": 1646, "latlon": [40.013821074652725, -105.29651506452232], "width": 400.0, "model_name": "boulder"}